insert into geolocation(id, latitude, longitude,
                        country_code, country_name, county,
                        city, district, street, house_number,
                        description)
VALUES (1, 55.72791, 37.64483, 'RUS', 'Россия', 'Москва', 'Москва', 'МО Замоскворечье', 'Летниковская улица', '4c5',
        'Точка проката напротив магазина EUROSTAR Express'),
       (2, 55.72284, 37.64345, 'RUS', 'Россия', 'Москва', 'Москва', 'МО Замоскворечье', 'Летниковская улица',
        '20 стр 2', 'Точка проката внутри первого гаража у дороги'),
       (3, 55.73026, 37.63955, 'RUS', 'Россия', 'Москва', 'Москва', 'МО Замоскворечье', 'Павелецкая площадь',
        '', 'Точка проката напротив входа №3 на станцию Павелецкая, рядом с автобусной остановкой ''Павелецкий вокзал'''),
       (4, 55.73143, 37.60344, 'RUS', 'Россия', 'Москва', 'Москва', 'МО Якиманка', 'улица Крымский вал', '9',
        'Точка проката рядом с остановкой общественного транспорта через дорогу от главной арки'),

       (5, 52.96346, 36.06547, 'RUS', 'Россия', 'Орловская область', 'Орёл', 'Заводской район', 'Александровский мост',
        '', 'Точка проката в начале Ленинского моста со стороны сквера Ермолова'),
       (6, 52.96558, 36.06844, 'RUS', 'Россия', 'Орловская область', 'Орёл', 'Советский район', 'Богоявленская площадь',
        '', 'Точка проката в начале Подвесного моста со стороны Детского парка, рядом с лавкой с мороженым'),
       (7, 53.27989, 36.57833, 'RUS', 'Россия', 'Орловская область', 'Мценск', 'Мценск', 'улица Дзержинского',
        '', 'Точка проката рядом с памятником И.С. Тургеневу'),

       (8, 53.90675, 27.57287, 'BLR', 'Республика Беларусь', 'Минск', 'Минск', '', 'улица Фрунзе',
        '2 корп 9', 'Точка проката рядом со входной аркой в Центральный детский парк'),
       (9, 53.90235, 27.57297, 'BLR', 'Республика Беларусь', 'Минск', 'Минск', '', 'Первомайская улица',
        '3А', 'Точка проката напротив кафе Family Club');

insert into rental_point(id, geolocation_id)
VALUES  (1, 1),
        (2, 2),
        (3, 3),
        (4, 4),
        (5, 5),
        (6, 6),
        (7, 7),
        (8, 8),
        (9, 9);

insert into tariff(id, name, price_per_minute, description)
VALUES (1, 'Стандартный', 5,
        'Тариф по умолчанию для всех пользователей. Для аренды доступны стандартные самокаты Xiaomi'),
       (2, 'Молниеносный', 7.5,
        'Тариф для тех кто любит скорость. В аренду можно брать мощные самокаты Ninebot Max');

insert into subscription(id, name, price, duration_in_days, description)
VALUES (1, 'Стандарт', 499, 30, 'Подписка на безлимитное использование стандартных самокатов за 499 рублей в месяц.'),
       (2, 'Молния', 749, 30, 'Молниеносная подписка на безлимитное использование мощных самокатов за 749 рублей в месяц.'),
       (3, 'Вечная', 19990, 36525, 'Вечная подписка без ограничений только для уникальных пользователей');

insert into scooter_model(id, manufacturer, model, scooter_weight, max_weight_limit, max_speed, max_range, price)
VALUES (1, 'Xiaomi', 'Xiaomi Mi Electric Scooter 1S', 12.5, 100, 25, 45, 34490),
       (2, 'Xiaomi', 'Mijia M365 Pro', 14.2, 100, 25, 45, 37990),

       (3, 'Ninebot', 'KickScooter MAX 30', 19.1, 100, 30, 65, 44990),
       (4, 'Ninebot', 'KickScooter MAX G30P', 19.2, 100, 30, 60, 54990);

/*
(5, 'Ninebot', 'KickScooter D18U', 14.9, 100, 25, 18, 24990),
(6, 'Ninebot', 'KickScooter MAX G30LP', 18.4, 100, 30, 40, 42990),
(7, 'Ninebot', 'KickScooter F40A', 15.9, 120, 25, 40, 44990),
(8, 'Xiaomi', 'Mi Electric Scooter Pro 2', 14.2, 100, 25, 45, 48990);
*/

insert into scooter(model_id, status, charge, mileage, rental_point_id)
VALUES (1, 'OK', 82.0, 250.4, 1),
       (1, 'DISCHARGED', 0.0, 180.1, 1),
       (2, 'OK', 93.0, 120.3, 1),
       (3, 'UNAVAILABLE', 55.0, 850.8, 1),
       (3, 'OK', 40.0, 130.6, 1),

       (2, 'OK', 75.0000, 200.0, 2),
       (2, 'DISCHARGED', 0.4, 450.0, 2),
       (4, 'OK', 98.0000, 3.4, 2),

       (1, 'OK', 63.0, 2144.3, 3),
       (1, 'DISCHARGED', 0.0, 453.4, 3),
       (2, 'OK', 56.0, 6536.7, 3),
       (1, 'UNAVAILABLE', 65.6, 4643.8, 3),
       (2, 'OK', 42.0, 1412.450, 3),
       (2, 'OK', 87.0, 960.2, 3),
       (2, 'DISCHARGED', 0.6, 5835.5, 3),
       (3, 'OK', 21.0, 6949.3, 3),
       (3, 'OK', 12.0, 540.8, 3),
       (4, 'OK', 40.0, 780.6, 3),

       (1, 'OK', 79.5, 343, 4),
       (1, 'OK', 94.4, 454, 4),
       (1, 'DISCHARGED', 0.6, 44, 4),
       (2, 'OK', 32.9, 124, 4),
       (2, 'OK', 69.6, 684, 4),
       (3, 'OK', 55.5, 709.7, 4),
       (3, 'OK', 100.0000, 215.5, 4),
       (3, 'OK', 14.8, 150, 4),
       (4, 'OK', 19.5, 560.8, 4),
       (4, 'OK', 78.8, 852.6, 4),

       (1, 'OK', 35.0000, 406, 5),
       (1, 'OK', 78.0000, 268, 5),
       (2, 'OK', 53.0000, 355, 5),
       (4, 'OK', 85.0000, 132, 5),

       (1, 'OK', 54.0000, 8689.1, 6),
       (1, 'OK', 34.0000, 4649.4, 6),
       (2, 'OK', 80.5, 2303.6, 6),
       (1, 'OK', 99.9, 342, 6),
       (2, 'OK', 25.8, 954.4, 6),
       (2, 'OK', 75.3, 568.0, 6),
       (3, 'DISCHARGED', 0.4, 130, 6),
       (3, 'OK', 69.6, 239, 6),

       (1, 'OK', 100.0000, 0, 7),
       (1, 'OK', 68.0000, 28, 7),
       (1, 'OK', 24.0000, 37, 7),
       (1, 'OK', 44.7, 140, 7),
       (1, 'UNAVAILABLE', 54.0, 36, 7),
       (1, 'DISCHARGED', 0.5, 96, 7),
       (1, 'OK', 38.0000, 244, 7),
       (2, 'OK', 58.0000, 290, 7),
       (3, 'OK', 77.0000, 130, 7),
       (3, 'OK', 26.0000, 103, 7),

       (1, 'OK', 68.3, 696, 8),
       (1, 'OK', 54.58, 463, 8),
       (2, 'OK', 18.9, 595, 8),
       (2, 'OK', 11.2, 996, 8),
       (2, 'OK', 59.8, 1040, 8),
       (3, 'DISCHARGED', 0.6, 1240, 8),
       (3, 'OK', 78.2, 693, 8),
       (4, 'OK', 87.5, 890, 8),
       (4, 'UNAVAILABLE', 1.4, 403.6, 8),
       (4, 'OK', 72.0, 1301.6, 8),

       (1, 'OK', 39.8, 1411, 9),
       (1, 'OK', 32.9, 1132, 9),
       (2, 'OK', 45.4, 963, 9),
       (3, 'OK', 80.6, 789.1, 9),
       (4, 'OK', 60.3, 652, 9),
       (4, 'OK', 65.8, 535.9, 9),
       (4, 'OK', 91.8, 890, 9),
       (4, 'UNAVAILABLE', 3.95, 842, 9),
       (4, 'DISCHARGED', 0.8, 357, 9),
       (4, 'OK', 34.0, 652, 9);

insert into tariff2model(id, tariff_id, model_id)
VALUES (1, 1, 1),
       (2, 1, 2),
       (3, 2, 1),
       (4, 2, 2),
       (5, 2, 3),
       (6, 2, 4);

insert into subscription2model(id, subscription_id, model_id)
VALUES (1, 1, 1),
       (2, 1, 2),
       (3, 2, 1),
       (4, 2, 2),
       (5, 2, 3),
       (6, 2, 4),
       (7, 3, 1),
       (8, 3, 2),
       (9, 3, 3),
       (10, 3, 4);
